{
  "x_coeffs": [
    8.446645617041094,
    -0.34634352570504534,
    -3.9127589211657297
  ],
  "y_coeffs": [
    3.4344210140659643,
    30.764409467415753,
    -20.29772444335181
  ],
  "calibration_points": 5,
  "timestamp": 1761360342.7921915
}